cohort,source_skill_id,source_skill_name,source_repo,target_skill_id,target_candidate,resolution,evidence_type,confidence,local_path,line_no,evidence_text,reviewer,is_true_dependency,target_corrected,mechanism_label,notes
popular,obra-superpowers-skills-writing-skills-skill-md,writing-skills,obra/superpowers,,coding,ambiguous,skill_path_reference,high,/Users/tan/Desktop/RA3/skills_data/sampled_skills_1000/popular/obra-superpowers-skills-writing-skills-skill-md/content/examples/CLAUDE_MD_TESTING.md,60,A) Check ~/.claude/skills/coding/ for refactoring guidance,,,,,
popular,davila7-claude-code-templates-cli-tool-components-skills-creative-design-ui-ux-pro-max-skill-md,ui-ux-pro-max,davila7/claude-code-templates,,ui-ux-pro-max,ambiguous,skill_path_reference,high,/Users/tan/Desktop/RA3/skills_data/sampled_skills_1000/popular/davila7-claude-code-templates-cli-tool-components-skills-creative-design-ui-ux-pro-max-skill-md/content/SKILL.md,237,"python3 .claude/skills/ui-ux-pro-max/scripts/search.py ""animation accessibility"" --domain ux",,,,,
random,fyuuki0jp-sourcedoc-claude-skills-fsd-es-lite-skill-md,fsd-es-lite,fyuuki0jp/SourceDoc,,fsd-es-lite,unresolved,skill_path_reference,high,/Users/tan/Desktop/RA3/skills_data/sampled_skills_1000/random/fyuuki0jp-sourcedoc-claude-skills-fsd-es-lite-skill-md/content/scripts/scaffold-feature.ts,962,"""Usage: npx tsx .claude/skills/fsd-es-lite/scripts/scaffold-feature.ts <feature-name>"",",,,,,
random,fyuuki0jp-sourcedoc-claude-skills-fsd-es-lite-skill-md,fsd-es-lite,fyuuki0jp/SourceDoc,,fsd-es-lite,unresolved,skill_path_reference,high,/Users/tan/Desktop/RA3/skills_data/sampled_skills_1000/random/fyuuki0jp-sourcedoc-claude-skills-fsd-es-lite-skill-md/content/SKILL.md,125,npx tsx .claude/skills/fsd-es-lite/scripts/scaffold-widget.ts <widget-name>,,,,,
popular,davila7-claude-code-templates-cli-tool-components-skills-development-clean-code-skill-md,clean-code,davila7/claude-code-templates,davila7-claude-code-templates-cli-tool-components-skills-creative-design-mobile-design-skill-md,mobile-design,same_repo_unique,skill_path_reference,high,/Users/tan/Desktop/RA3/skills_data/sampled_skills_1000/popular/davila7-claude-code-templates-cli-tool-components-skills-development-clean-code-skill-md/content/SKILL.md,153,| **mobile-developer** | Mobile Audit | `python ~/.claude/skills/mobile-design/scripts/mobile_audit.py .` |,,,,,
popular,davila7-claude-code-templates-cli-tool-components-skills-enterprise-communication-daily-meeting-update-skill-md,daily-meeting-update,davila7/claude-code-templates,,daily-meeting-update,ambiguous,skill_path_reference,high,/Users/tan/Desktop/RA3/skills_data/sampled_skills_1000/popular/davila7-claude-code-templates-cli-tool-components-skills-enterprise-communication-daily-meeting-update-skill-md/content/SKILL.md,299,python3 ~/.claude/skills/daily-meeting-update/scripts/claude_digest.py --project ~/my-app --format json,,,,,
random,phrazzld-claude-config-skills-check-production-skill-md,check-production,phrazzld/claude-config,phrazzld-claude-config-skills-triage-skill-md,triage,same_repo_unique,skill_path_reference,high,/Users/tan/Desktop/RA3/skills_data/sampled_skills_1000/random/phrazzld-claude-config-skills-check-production-skill-md/content/SKILL.md,30,"~/.claude/skills/triage/scripts/check_sentry.sh 2>/dev/null || echo ""Sentry check unavailable""",,,,,
random,vishalsachdev-claude-skills-write-article-skill-md,write-article,vishalsachdev/claude-skills,,write-article,ambiguous,skill_path_reference,high,/Users/tan/Desktop/RA3/skills_data/sampled_skills_1000/random/vishalsachdev-claude-skills-write-article-skill-md/content/SKILL.md,25,"python3 ~/.claude/skills/write-article/scripts/update-cache.py --suggest ""your topic here""",,,,,
popular,davila7-claude-code-templates-cli-tool-components-skills-creative-design-draw-io-skill-md,draw-io,davila7/claude-code-templates,,draw-io,ambiguous,skill_path_reference,high,/Users/tan/Desktop/RA3/skills_data/sampled_skills_1000/popular/davila7-claude-code-templates-cli-tool-components-skills-creative-design-draw-io-skill-md/content/SKILL.md,41,bash ~/.claude/skills/draw-io/scripts/convert-drawio-to-png.sh assets/diagram1.drawio,,,,,
random,lucifer1004-claude-skill-typst-skills-typst-skill-md,typst,lucifer1004/claude-skill-typst,,typst,ambiguous,skill_path_reference,high,/Users/tan/Desktop/RA3/skills_data/sampled_skills_1000/random/lucifer1004-claude-skill-typst-skills-typst-skill-md/content/README.md,66,typst compile ~/.claude/skills/typst/examples/template-report.typ,,,,,
random,blockscout-mcp-server-claude-skills-test-guided-tool-run-skill-md,test-guided-tool-run,blockscout/mcp-server,,test-guided-tool-run,unresolved,skill_path_reference,high,/Users/tan/Desktop/RA3/skills_data/sampled_skills_1000/random/blockscout-mcp-server-claude-skills-test-guided-tool-run-skill-md/content/scripts/find_test.py,43,# Get the project root (assumes this script is in .claude/skills/test-guided-tool-run/scripts/),,,,,
random,amo-tech-ai-skybox-gamehub-claude-skills-chrome-dev-skill-skill-md,chrome-devtools-automation,amo-tech-ai/skybox-gamehub,,chrome-dev-skill,unresolved,skill_path_reference,high,/Users/tan/Desktop/RA3/skills_data/sampled_skills_1000/random/amo-tech-ai-skybox-gamehub-claude-skills-chrome-dev-skill-skill-md/content/README.md,125,.claude/skills/chrome-dev-skill/,,,,,
popular,affaan-m-everything-claude-code-skills-strategic-compact-skill-md,strategic-compact,affaan-m/everything-claude-code,,strategic-compact,ambiguous,skill_path_reference,high,/Users/tan/Desktop/RA3/skills_data/sampled_skills_1000/popular/affaan-m-everything-claude-code-skills-strategic-compact-skill-md/content/SKILL.md,49,"""hooks"": [{ ""type"": ""command"", ""command"": ""node ~/.claude/skills/strategic-compact/suggest-compact.js"" }]",,,,,
random,d-o-hub-github-template-ai-agents-claude-skills-skill-creator-skill-md,skill-creator,d-o-hub/github-template-ai-agents,,skill-name,ambiguous,skill_path_reference,high,/Users/tan/Desktop/RA3/skills_data/sampled_skills_1000/random/d-o-hub-github-template-ai-agents-claude-skills-skill-creator-skill-md/content/SKILL.md,151,cat > .claude/skills/skill-name/SKILL.md << 'EOF',,,,,
popular,pytorch-pytorch-claude-skills-triaging-issues-skill-md,triaging-issues,pytorch/pytorch,c0ntr0lledcha0s-claude-code-plugin-automations-github-workflows-skills-triaging-issues-skill-md,triaging-issues,global_unique,skill_path_reference,high,/Users/tan/Desktop/RA3/skills_data/sampled_skills_1000/popular/pytorch-pytorch-claude-skills-triaging-issues-skill-md/content/SKILL.md,14,"command: ""python3 \""$CLAUDE_PROJECT_DIR\""/.claude/skills/triaging-issues/scripts/add_bot_triaged.py""",,,,,
random,dennislee928-smart-zone-claude-skills-google-gemini-file-search-skill-md,google-gemini-file-search,dennislee928/Smart_Zone,,google-gemini-file-search,ambiguous,skill_path_reference,high,/Users/tan/Desktop/RA3/skills_data/sampled_skills_1000/random/dennislee928-smart-zone-claude-skills-google-gemini-file-search-skill-md/content/PROJECT_STATUS.md,91,- [ ] Install skill to `~/.claude/skills/google-gemini-file-search/`,,,,,
popular,davila7-claude-code-templates-cli-tool-components-skills-creative-design-draw-io-skill-md,draw-io,davila7/claude-code-templates,,draw-io,ambiguous,skill_path_reference,high,/Users/tan/Desktop/RA3/skills_data/sampled_skills_1000/popular/davila7-claude-code-templates-cli-tool-components-skills-creative-design-draw-io-skill-md/content/README.md,215,~/.claude/skills/draw-io/,,,,,
popular,affaan-m-everything-claude-code-skills-continuous-learning-skill-md,continuous-learning,affaan-m/everything-claude-code,,continuous-learning,ambiguous,skill_path_reference,high,/Users/tan/Desktop/RA3/skills_data/sampled_skills_1000/popular/affaan-m-everything-claude-code-skills-continuous-learning-skill-md/content/evaluate-session.sh,16,"#         ""command"": ""~/.claude/skills/continuous-learning/evaluate-session.sh""",,,,,
popular,affaan-m-everything-claude-code-docs-zh-tw-skills-continuous-learning-skill-md,continuous-learning,affaan-m/everything-claude-code,,continuous-learning,ambiguous,skill_path_reference,high,/Users/tan/Desktop/RA3/skills_data/sampled_skills_1000/popular/affaan-m-everything-claude-code-docs-zh-tw-skills-continuous-learning-skill-md/content/SKILL.md,64,"""command"": ""~/.claude/skills/continuous-learning/evaluate-session.sh""",,,,,
popular,davila7-claude-code-templates-cli-tool-components-skills-enterprise-communication-daily-meeting-update-skill-md,daily-meeting-update,davila7/claude-code-templates,,daily-meeting-update,ambiguous,skill_path_reference,high,/Users/tan/Desktop/RA3/skills_data/sampled_skills_1000/popular/davila7-claude-code-templates-cli-tool-components-skills-enterprise-communication-daily-meeting-update-skill-md/content/SKILL.md,293,python3 ~/.claude/skills/daily-meeting-update/scripts/claude_digest.py --format json,,,,,
popular,clickhouse-clickhouse-claude-skills-build-skill-md,build,ClickHouse/ClickHouse,,build,ambiguous,explicit_skill_reference,medium,/Users/tan/Desktop/RA3/skills_data/sampled_skills_1000/popular/clickhouse-clickhouse-claude-skills-build-skill-md/content/SKILL.md,9,# ClickHouse Build Skill,,,,,
random,withzombies-hyperpowers-agents-skills-fixing-bugs-skill-md,fixing-bugs,withzombies/hyperpowers,,debugging-with-tools,ambiguous,explicit_skill_reference,medium,/Users/tan/Desktop/RA3/skills_data/sampled_skills_1000/random/withzombies-hyperpowers-agents-skills-fixing-bugs-skill-md/content/SKILL.md,561,- Don't understand bug → Use debugging-with-tools skill,,,,,
random,withzombies-hyperpowers-agents-skills-fixing-bugs-skill-md,fixing-bugs,withzombies/hyperpowers,,debugging-with-tools,ambiguous,explicit_skill_reference,medium,/Users/tan/Desktop/RA3/skills_data/sampled_skills_1000/random/withzombies-hyperpowers-agents-skills-fixing-bugs-skill-md/content/SKILL.md,104,**REQUIRED: Use debugging-with-tools skill**,,,,,
random,zerobearing2-rails-ai-skills-project-setup-skill-md,rails-aiproject-setup,zerobearing2/rails-ai,,domain,ambiguous,explicit_skill_reference,medium,/Users/tan/Desktop/RA3/skills_data/sampled_skills_1000/random/zerobearing2-rails-ai-skills-project-setup-skill-md/content/SKILL.md,85,**Why use domain skills first?**,,,,,
random,withzombies-hyperpowers-agents-skills-fixing-bugs-skill-md,fixing-bugs,withzombies/hyperpowers,,test-driven-development,ambiguous,explicit_skill_reference,medium,/Users/tan/Desktop/RA3/skills_data/sampled_skills_1000/random/withzombies-hyperpowers-agents-skills-fixing-bugs-skill-md/content/SKILL.md,127,**REQUIRED: Use test-driven-development skill**,,,,,
random,withzombies-hyperpowers-agents-skills-fixing-bugs-skill-md,fixing-bugs,withzombies/hyperpowers,,verification-before-completion,ambiguous,explicit_skill_reference,medium,/Users/tan/Desktop/RA3/skills_data/sampled_skills_1000/random/withzombies-hyperpowers-agents-skills-fixing-bugs-skill-md/content/SKILL.md,176,**REQUIRED: Use verification-before-completion skill**,,,,,
random,withzombies-hyperpowers-agents-skills-fixing-bugs-skill-md,fixing-bugs,withzombies/hyperpowers,,debugging-with-tools,ambiguous,explicit_skill_reference,medium,/Users/tan/Desktop/RA3/skills_data/sampled_skills_1000/random/withzombies-hyperpowers-agents-skills-fixing-bugs-skill-md/content/SKILL.md,494,2. **Use debugging-with-tools skill** → Systematic investigation required,,,,,
random,jetaofgak-healthflowfinal-claude-skills-writing-plans-skill-md,writing-plans,Jetaofgak/HealthFlowFinal,,executing-plans,ambiguous,explicit_skill_reference,medium,/Users/tan/Desktop/RA3/skills_data/sampled_skills_1000/random/jetaofgak-healthflowfinal-claude-skills-writing-plans-skill-md/content/SKILL.md,32,> **For Claude:** REQUIRED SUB-SKILL: use executing-plans skill to implement this plan task-by-task.,,,,,
random,withzombies-hyperpowers-agents-skills-fixing-bugs-skill-md,fixing-bugs,withzombies/hyperpowers,,debugging-with-tools,ambiguous,explicit_skill_reference,medium,/Users/tan/Desktop/RA3/skills_data/sampled_skills_1000/random/withzombies-hyperpowers-agents-skills-fixing-bugs-skill-md/content/SKILL.md,435,**Use debugging-with-tools skill:**,,,,,
popular,davila7-claude-code-templates-cli-tool-components-skills-business-marketing-app-store-optimization-skill-md,app-store-optimization,davila7/claude-code-templates,,marketing,ambiguous,explicit_skill_reference,medium,/Users/tan/Desktop/RA3/skills_data/sampled_skills_1000/popular/davila7-claude-code-templates-cli-tool-components-skills-business-marketing-app-store-optimization-skill-md/content/SKILL.md,384,- If you need paid advertising strategies (use marketing skills instead),,,,,
random,desdat1-xopweb-claude-skills-vercel-skill-md,vercel,desdat1/xopweb,,resend,ambiguous,explicit_skill_reference,medium,/Users/tan/Desktop/RA3/skills_data/sampled_skills_1000/random/desdat1-xopweb-claude-skills-vercel-skill-md/content/SKILL.md,98,"For Next.js App Router patterns, see the **nextjs** skill. For email sending with Resend, see the **resend** skill.",,,,,
popular,anthropics-claude-code-plugins-plugin-dev-skills-command-development-skill-md,command-development,anthropics/claude-code,,coding-standards,ambiguous,explicit_skill_reference,medium,/Users/tan/Desktop/RA3/skills_data/sampled_skills_1000/popular/anthropics-claude-code-plugins-plugin-dev-skills-command-development-skill-md/content/SKILL.md,737,Use coding-standards skill for validation.,,,,,
random,desdat1-xopweb-claude-skills-vercel-skill-md,vercel,desdat1/xopweb,,resend,ambiguous,explicit_skill_reference,medium,/Users/tan/Desktop/RA3/skills_data/sampled_skills_1000/random/desdat1-xopweb-claude-skills-vercel-skill-md/content/references/workflows.md,195,"For email sending configuration, see the **resend** skill. For Next.js App Router patterns used in API routes, see the **nextjs** skill. For TypeScript configuration affecting builds, see the **typescript** skill.",,,,,
random,jetaofgak-healthflowfinal-claude-skills-writing-plans-skill-md,writing-plans,Jetaofgak/HealthFlowFinal,,executing-plans,ambiguous,explicit_skill_reference,medium,/Users/tan/Desktop/RA3/skills_data/sampled_skills_1000/random/jetaofgak-healthflowfinal-claude-skills-writing-plans-skill-md/content/SKILL.md,91,"Ask user if they want to execute the plan now or later. If they want to execute it now, use executing-plans skill to execute the plan. If they want to execute it later, ask them to execute it later.",,,,,
popular,google-gemini-gemini-cli-packages-core-src-skills-builtin-skill-creator-skill-md,skill-creator,google-gemini/gemini-cli,,the,unresolved,explicit_skill_reference,high,/Users/tan/Desktop/RA3/skills_data/sampled_skills_1000/popular/google-gemini-gemini-cli-packages-core-src-skills-builtin-skill-creator-skill-md/content/SKILL.md,314,"- `description`: This is the primary triggering mechanism for your skill, and helps Gemini CLI understand when to use the skill.",,,,,
popular,leonardomso-33-js-concepts-claude-skills-concept-workflow-skill-md,concept-workflow,leonardomso/33-js-concepts,,individual,unresolved,explicit_skill_reference,high,/Users/tan/Desktop/RA3/skills_data/sampled_skills_1000/popular/leonardomso-33-js-concepts-claude-skills-concept-workflow-skill-md/content/SKILL.md,22,"**For partial tasks, use individual skills instead:**",,,,,
popular,dotnet-maui-github-skills-run-integration-tests-skill-md,run-integration-tests,dotnet/maui,,the,unresolved,explicit_skill_reference,high,/Users/tan/Desktop/RA3/skills_data/sampled_skills_1000/popular/dotnet-maui-github-skills-run-integration-tests-skill-md/content/SKILL.md,157,# Option 1: Use the skill script,,,,,
random,tyler-r-kendrick-agent-skills-skills-tools-git-skill-md,git,Tyler-R-Kendrick/agent-skills,,platform-specific,unresolved,explicit_skill_reference,high,/Users/tan/Desktop/RA3/skills_data/sampled_skills_1000/random/tyler-r-kendrick-agent-skills-skills-tools-git-skill-md/content/SKILL.md,6,"DO NOT USE FOR: GitHub/GitLab platform features (use platform-specific skills), CI/CD pipeline configuration, Git LFS administration",,,,,
random,azure99-skill-creator-skills-skill-creator-skill-md,skill-creator,Azure99/skill-creator,,the,unresolved,explicit_skill_reference,high,/Users/tan/Desktop/RA3/skills_data/sampled_skills_1000/random/azure99-skill-creator-skills-skill-creator-skill-md/content/SKILL.md,451,1. Use the skill on real tasks,,,,,
random,smkun-32gamers-claude-skills-crafting-page-messaging-skill-md,crafting-page-messaging,smkun/32Gamers,smkun-32gamers-claude-skills-vanilla-javascript-skill-md,vanilla-javascript,same_repo_unique,explicit_skill_reference,high,/Users/tan/Desktop/RA3/skills_data/sampled_skills_1000/random/smkun-32gamers-claude-skills-crafting-page-messaging-skill-md/content/SKILL.md,115,"For implementing copy in code, see the **vanilla-javascript** skill.",,,,,
random,desdat1-xopweb-claude-skills-vercel-skill-md,vercel,desdat1/xopweb,desdat1-xopweb-claude-skills-typescript-skill-md,typescript,same_repo_unique,explicit_skill_reference,high,/Users/tan/Desktop/RA3/skills_data/sampled_skills_1000/random/desdat1-xopweb-claude-skills-vercel-skill-md/content/references/workflows.md,195,"For email sending configuration, see the **resend** skill. For Next.js App Router patterns used in API routes, see the **nextjs** skill. For TypeScript configuration affecting builds, see the **typescript** skill.",,,,,
random,delphine-l-claude-global-skills-claude-meta-skill-management-skill-md,claude-skill-management,Delphine-L/claude_global,,the,unresolved,explicit_skill_reference,high,/Users/tan/Desktop/RA3/skills_data/sampled_skills_1000/random/delphine-l-claude-global-skills-claude-meta-skill-management-skill-md/content/SKILL.md,906,"- Try explicitly mentioning: ""Use the skill-name skill to...""",,,,,
popular,anthropics-claude-code-plugins-plugin-dev-skills-skill-development-skill-md,skill-development,anthropics/claude-code,,the,unresolved,explicit_skill_reference,high,/Users/tan/Desktop/RA3/skills_data/sampled_skills_1000/popular/anthropics-claude-code-plugins-plugin-dev-skills-skill-development-skill-md/content/SKILL.md,225,**Use the skill-reviewer agent:**,,,,,
popular,dotnet-maui-github-skills-pr-finalize-skill-md,pr-finalize,dotnet/maui,dotnet-maui-github-skills-ai-summary-comment-skill-md,ai-summary-comment,same_repo_unique,explicit_skill_reference,high,/Users/tan/Desktop/RA3/skills_data/sampled_skills_1000/popular/dotnet-maui-github-skills-pr-finalize-skill-md/content/SKILL.md,36,| `gh pr review --comment` | ❌ **NEVER** | Use ai-summary-comment skill instead |,,,,,
random,stuartf303-vandaemon-claude-skills-mudblazor-skill-md,mudblazor,StuartF303/vandaemon,stuartf303-vandaemon-claude-skills-blazor-skill-md,blazor,same_repo_unique,explicit_skill_reference,high,/Users/tan/Desktop/RA3/skills_data/sampled_skills_1000/random/stuartf303-vandaemon-claude-skills-mudblazor-skill-md/content/SKILL.md,110,- See the **blazor** skill for component lifecycle and SignalR integration,,,,,
popular,anthropics-claude-code-plugins-plugin-dev-skills-skill-development-skill-md,skill-development,anthropics/claude-code,,the,unresolved,explicit_skill_reference,high,/Users/tan/Desktop/RA3/skills_data/sampled_skills_1000/popular/anthropics-claude-code-plugins-plugin-dev-skills-skill-development-skill-md/content/references/skill-creator-original.md,206,1. Use the skill on real tasks,,,,,
popular,anthropics-skills-skills-skill-creator-skill-md,skill-creator,anthropics/skills,,the,unresolved,explicit_skill_reference,high,/Users/tan/Desktop/RA3/skills_data/sampled_skills_1000/popular/anthropics-skills-skills-skill-creator-skill-md/content/SKILL.md,424,"**Running test cases**: No subagents means no parallel execution. For each test case, read the skill's SKILL.md, then follow its instructions to accomplish the test prompt yourself. Do them one at a time. This is less rigorous than independent subagents (you wrote the skill and you're also running it, so you have full context), but it's a useful sanity check — and the human review step compensates. Skip the baseline runs — just use the skill to complete the task as requested.",,,,,
popular,davila7-claude-code-templates-cli-tool-components-skills-ai-research-context7-auto-research-skill-md,context7-auto-research,davila7/claude-code-templates,,the,unresolved,explicit_skill_reference,high,/Users/tan/Desktop/RA3/skills_data/sampled_skills_1000/popular/davila7-claude-code-templates-cli-tool-components-skills-ai-research-context7-auto-research-skill-md/content/SKILL.md,30,- Use the skill's auto-trigger feature for seamless integration,,,,,
popular,dotnet-maui-github-skills-issue-triage-skill-md,issue-triage,dotnet/maui,,the,unresolved,explicit_skill_reference,high,/Users/tan/Desktop/RA3/skills_data/sampled_skills_1000/popular/dotnet-maui-github-skills-issue-triage-skill-md/content/SKILL.md,49,**🚨 CRITICAL: ALWAYS use the skill scripts. NEVER use ad-hoc GitHub API queries.**,,,,,
popular,davila7-claude-code-templates-cli-tool-components-skills-development-web-to-markdown-skill-md,web-to-markdown,davila7/claude-code-templates,,the,unresolved,explicit_skill_reference,high,/Users/tan/Desktop/RA3/skills_data/sampled_skills_1000/popular/davila7-claude-code-templates-cli-tool-components-skills-development-web-to-markdown-skill-md/content/README.md,99,use the skill web-to-markdown to convert https://example.com/article and print the result,,,,,
random,atilamedeiros-skills-voice-ai-engine-development-skill-md,voice-ai-engine-development,AtilaMedeiros/skills,,the,unresolved,explicit_skill_reference,high,/Users/tan/Desktop/RA3/skills_data/sampled_skills_1000/random/atilamedeiros-skills-voice-ai-engine-development-skill-md/content/README.md,19,# Use the skill in your AI assistant,,,,,
popular,google-gemini-gemini-cli-packages-core-src-skills-builtin-skill-creator-skill-md,skill-creator,google-gemini/gemini-cli,,the,unresolved,explicit_skill_reference,high,/Users/tan/Desktop/RA3/skills_data/sampled_skills_1000/popular/google-gemini-gemini-cli-packages-core-src-skills-builtin-skill-creator-skill-md/content/SKILL.md,379,1. Use the skill on real tasks,,,,,
random,rsicarelli-fakt-claude-skills-interface-analyzer-skill-md,interface-analyzer,rsicarelli/fakt,,generic-scoping-analyzer,unresolved,explicit_skill_reference,high,/Users/tan/Desktop/RA3/skills_data/sampled_skills_1000/random/rsicarelli-fakt-claude-skills-interface-analyzer-skill-md/content/SKILL.md,489,Use generic-scoping-analyzer Skill,,,,,
random,daymade-claude-code-skills-repomix-unmixer-skill-md,repomix-unmixer,daymade/claude-code-skills,,the,unresolved,explicit_skill_reference,high,/Users/tan/Desktop/RA3/skills_data/sampled_skills_1000/random/daymade-claude-code-skills-repomix-unmixer-skill-md/content/references/validation-workflow.md,161,Use the skill-creator validation tools for comprehensive validation.,,,,,
popular,obra-superpowers-skills-using-superpowers-skill-md,using-superpowers,obra/superpowers,obra-superpowers-skills-brainstorming-skill-md,brainstorming,same_repo_unique,workflow_invocation,high,/Users/tan/Desktop/RA3/skills_data/sampled_skills_1000/popular/obra-superpowers-skills-using-superpowers-skill-md/content/SKILL.md,41,"""Already brainstormed?"" -> ""Invoke brainstorming skill"" [label=""no""];",,,,,
random,edheltzel-atlas-claudecode-claude-skills-research-skill-md,research,edheltzel/atlas,edheltzel-atlas-claudecode-claude-skills-osint-skill-md,osint,same_repo_unique,workflow_invocation,high,/Users/tan/Desktop/RA3/skills_data/sampled_skills_1000/random/edheltzel-atlas-claudecode-claude-skills-research-skill-md/content/SKILL.md,65,"**CRITICAL:** For due diligence, company/person background checks, or vetting -> **INVOKE OSINT SKILL INSTEAD**",,,,,
popular,davila7-claude-code-templates-cli-tool-components-skills-creative-design-meme-factory-skill-md,meme-factory,davila7/claude-code-templates,,the,unresolved,workflow_invocation,high,/Users/tan/Desktop/RA3/skills_data/sampled_skills_1000/popular/davila7-claude-code-templates-cli-tool-components-skills-creative-design-meme-factory-skill-md/content/README.md,126,1. **Invoke the skill:**,,,,,
popular,obra-superpowers-skills-brainstorming-skill-md,brainstorming,obra/superpowers,,writing-plans.,unresolved,workflow_invocation,high,/Users/tan/Desktop/RA3/skills_data/sampled_skills_1000/popular/obra-superpowers-skills-brainstorming-skill-md/content/SKILL.md,55,"**The terminal state is invoking writing-plans.** Do NOT invoke frontend-design, mcp-builder, or any other implementation skill. The ONLY skill you invoke after brainstorming is writing-plans.",,,,,
popular,obra-superpowers-skills-using-superpowers-skill-md,using-superpowers,obra/superpowers,obra-superpowers-skills-brainstorming-skill-md,brainstorming,same_repo_unique,workflow_invocation,high,/Users/tan/Desktop/RA3/skills_data/sampled_skills_1000/popular/obra-superpowers-skills-using-superpowers-skill-md/content/SKILL.md,43,"""Invoke brainstorming skill"" -> ""Might any skill apply?"";",,,,,
popular,obra-superpowers-skills-using-superpowers-skill-md,using-superpowers,obra/superpowers,,the,unresolved,workflow_invocation,high,/Users/tan/Desktop/RA3/skills_data/sampled_skills_1000/popular/obra-superpowers-skills-using-superpowers-skill-md/content/SKILL.md,7,"If you think there is even a 1% chance a skill might apply to what you are doing, you ABSOLUTELY MUST invoke the skill.",,,,,
popular,obra-superpowers-skills-using-superpowers-skill-md,using-superpowers,obra/superpowers,,a,unresolved,workflow_invocation,high,/Users/tan/Desktop/RA3/skills_data/sampled_skills_1000/popular/obra-superpowers-skills-using-superpowers-skill-md/content/SKILL.md,16,"**In Claude Code:** Use the `Skill` tool. When you invoke a skill, its content is loaded and presented to you—follow it directly. Never use the Read tool on skill files.",,,,,
random,kellyson520-tg-one-agent-skills-skill-master-skill-md,skill-master,kellyson520/TG-ONE,,the,unresolved,workflow_invocation,high,/Users/tan/Desktop/RA3/skills_data/sampled_skills_1000/random/kellyson520-tg-one-agent-skills-skill-master-skill-md/content/SKILL.md,154,**Goal**: Invoke the skill to complete the user's original task.,,,,,
popular,anthropics-skills-skills-skill-creator-skill-md,skill-creator,anthropics/skills,,the,unresolved,workflow_invocation,high,/Users/tan/Desktop/RA3/skills_data/sampled_skills_1000/popular/anthropics-skills-skills-skill-creator-skill-md/content/scripts/improve_description.py,51,"The description appears in Claude's ""available_skills"" list. When a user sends a query, Claude decides whether to invoke the skill based solely on the title and on this description. Your goal is to write a description that triggers for relevant queries, and doesn't trigger for irrelevant ones.",,,,,
popular,obra-superpowers-skills-using-superpowers-skill-md,using-superpowers,obra/superpowers,obra-superpowers-skills-brainstorming-skill-md,brainstorming,same_repo_unique,workflow_invocation,high,/Users/tan/Desktop/RA3/skills_data/sampled_skills_1000/popular/obra-superpowers-skills-using-superpowers-skill-md/content/SKILL.md,31,"""Invoke brainstorming skill"" [shape=box];",,,,,
random,d-o-hub-github-template-ai-agents-claude-skills-skill-creator-skill-md,skill-creator,d-o-hub/github-template-ai-agents,,the,unresolved,workflow_invocation,high,/Users/tan/Desktop/RA3/skills_data/sampled_skills_1000/random/d-o-hub-github-template-ai-agents-claude-skills-skill-creator-skill-md/content/SKILL.md,63,The description is **critical** - Claude uses it to decide when to invoke the skill.,,,,,
popular,obra-superpowers-skills-brainstorming-skill-md,brainstorming,obra/superpowers,obra-superpowers-skills-writing-plans-skill-md,writing-plans,same_repo_unique,workflow_invocation,high,/Users/tan/Desktop/RA3/skills_data/sampled_skills_1000/popular/obra-superpowers-skills-brainstorming-skill-md/content/SKILL.md,51,"""Write design doc"" -> ""Invoke writing-plans skill"";",,,,,
popular,davila7-claude-code-templates-cli-tool-components-skills-productivity-humanizer-skill-md,humanizer,davila7/claude-code-templates,,the,unresolved,workflow_invocation,high,/Users/tan/Desktop/RA3/skills_data/sampled_skills_1000/popular/davila7-claude-code-templates-cli-tool-components-skills-productivity-humanizer-skill-md/content/README.md,25,"In Claude Code, invoke the skill:",,,,,
popular,obra-superpowers-skills-brainstorming-skill-md,brainstorming,obra/superpowers,obra-superpowers-skills-writing-plans-skill-md,writing-plans,same_repo_unique,workflow_invocation,high,/Users/tan/Desktop/RA3/skills_data/sampled_skills_1000/popular/obra-superpowers-skills-brainstorming-skill-md/content/SKILL.md,43,"""Invoke writing-plans skill"" [shape=doublecircle];",,,,,
popular,davila7-claude-code-templates-cli-tool-components-skills-development-using-superpowers-skill-md,using-superpowers,davila7/claude-code-templates,,the,unresolved,workflow_invocation,high,/Users/tan/Desktop/RA3/skills_data/sampled_skills_1000/popular/davila7-claude-code-templates-cli-tool-components-skills-development-using-superpowers-skill-md/content/SKILL.md,18,**Check for skills BEFORE ANY RESPONSE.** This includes clarifying questions. Even 1% chance means invoke the Skill tool first.,,,,,
random,pluginagentmarketplace-custom-plugin-css-skills-css-architecture-skill-md,css-architecture,pluginagentmarketplace/custom-plugin-css,,the,unresolved,workflow_invocation,high,/Users/tan/Desktop/RA3/skills_data/sampled_skills_1000/random/pluginagentmarketplace-custom-plugin-css-skills-css-architecture-skill-md/content/references/GUIDE.md,20,# Invoke the skill,,,,,
popular,obra-superpowers-skills-brainstorming-skill-md,brainstorming,obra/superpowers,obra-superpowers-skills-writing-plans-skill-md,writing-plans,same_repo_unique,workflow_invocation,high,/Users/tan/Desktop/RA3/skills_data/sampled_skills_1000/popular/obra-superpowers-skills-brainstorming-skill-md/content/SKILL.md,31,6. **Transition to implementation** — invoke writing-plans skill to create implementation plan,,,,,
random,kellyson520-tg-one-agent-skills-skill-master-skill-md,skill-master,kellyson520/TG-ONE,,the,unresolved,workflow_invocation,high,/Users/tan/Desktop/RA3/skills_data/sampled_skills_1000/random/kellyson520-tg-one-agent-skills-skill-master-skill-md/content/SKILL.md,158,#### Step 4.1: Invoke the Skill,,,,,
random,emasoft-claude-plugins-validation-skills-plugin-validation-skill-skill-md,plugin-validation-skill,Emasoft/claude-plugins-validation,,the,unresolved,workflow_invocation,high,/Users/tan/Desktop/RA3/skills_data/sampled_skills_1000/random/emasoft-claude-plugins-validation-skills-plugin-validation-skill-skill-md/content/references/skill-validation.md,175,Controls whether users can invoke the skill directly via slash command.,,,,,
popular,obra-superpowers-skills-using-superpowers-skill-md,using-superpowers,obra/superpowers,,the,unresolved,workflow_invocation,high,/Users/tan/Desktop/RA3/skills_data/sampled_skills_1000/popular/obra-superpowers-skills-using-superpowers-skill-md/content/SKILL.md,24,"**Invoke relevant or requested skills BEFORE any response or action.** Even a 1% chance a skill might apply means that you should invoke the skill to check. If an invoked skill turns out to be wrong for the situation, you don't need to use it.",,,,,
random,jordinodejs-github-config-github-skills-vercel-env-sync-skill-md,vercel-env-sync,JordiNodeJS/.github-config,,skill.md,unresolved,relative_skill_link,high,/Users/tan/Desktop/RA3/skills_data/sampled_skills_1000/random/jordinodejs-github-config-github-skills-vercel-env-sync-skill-md/content/README.md,5,[![Version](https://img.shields.io/badge/version-2.0-blue.svg)](./SKILL.md),,,,,
popular,davila7-claude-code-templates-cli-tool-components-skills-development-web-quality-audit-skill-md,web-quality-audit,davila7/claude-code-templates,davila7-claude-code-templates-cli-tool-components-skills-development-seo-skill-md,seo,same_repo_unique,relative_skill_link,high,/Users/tan/Desktop/RA3/skills_data/sampled_skills_1000/popular/davila7-claude-code-templates-cli-tool-components-skills-development-web-quality-audit-skill-md/content/SKILL.md,169,- [SEO](../seo/SKILL.md),,,,,
random,dragnoir-shopify-agent-skills-skills-api-graphql-skill-md,api-graphql,dragnoir/Shopify-agent-skills,dragnoir-shopify-agent-skills-skills-app-development-skill-md,app-development,same_repo_unique,relative_skill_link,high,/Users/tan/Desktop/RA3/skills_data/sampled_skills_1000/random/dragnoir-shopify-agent-skills-skills-api-graphql-skill-md/content/SKILL.md,786,"For app integration, see the [app-development](../app-development/SKILL.md) skill.",,,,,
random,robert-chiniquy-dotfiles-claude-skills-terraform-skill-md,terraform-skill,robert-chiniquy/dotfiles,,skill.md,unresolved,relative_skill_link,high,/Users/tan/Desktop/RA3/skills_data/sampled_skills_1000/random/robert-chiniquy-dotfiles-claude-skills-terraform-skill-md/content/references/quick-reference.md,600,**Back to:** [Main Skill File](../SKILL.md),,,,,
random,robert-chiniquy-dotfiles-claude-skills-terraform-skill-md,terraform-skill,robert-chiniquy/dotfiles,,skill.md,unresolved,relative_skill_link,high,/Users/tan/Desktop/RA3/skills_data/sampled_skills_1000/random/robert-chiniquy-dotfiles-claude-skills-terraform-skill-md/content/references/code-patterns.md,6,"This document provides detailed code patterns, structure guidelines, and modern Terraform features. For high-level principles, see the [main skill file](../SKILL.md).",,,,,
random,kuippa-onocoro-github-skills-documentation-loader-skill-md,documentation-loader,kuippa/OnoCoro,kuippa-onocoro-github-skills-microsoft-docs-skill-md,microsoft-docs,same_repo_unique,relative_skill_link,high,/Users/tan/Desktop/RA3/skills_data/sampled_skills_1000/random/kuippa-onocoro-github-skills-documentation-loader-skill-md/content/SKILL.md,300,- **[microsoft-docs](../microsoft-docs/SKILL.md)** — For API research,,,,,
popular,davila7-claude-code-templates-cli-tool-components-skills-development-accessibility-skill-md,accessibility,davila7/claude-code-templates,davila7-claude-code-templates-cli-tool-components-skills-development-web-quality-audit-skill-md,web-quality-audit,same_repo_unique,relative_skill_link,high,/Users/tan/Desktop/RA3/skills_data/sampled_skills_1000/popular/davila7-claude-code-templates-cli-tool-components-skills-development-accessibility-skill-md/content/SKILL.md,522,- [Web Quality Audit](../web-quality-audit/SKILL.md),,,,,
random,amnadtaowsoam-cerebraskills-50-enterprise-integrations-enterprise-rbac-models-skill-md,enterprise-rbac-models,AmnadTaowsoam/CerebraSkills,amnadtaowsoam-cerebraskills-50-enterprise-integrations-sso-saml-oidc-skill-md,sso-saml-oidc,same_repo_unique,relative_skill_link,high,/Users/tan/Desktop/RA3/skills_data/sampled_skills_1000/random/amnadtaowsoam-cerebraskills-50-enterprise-integrations-enterprise-rbac-models-skill-md/content/SKILL.md,96,"* **Related Skills**: [SSO (SAML & OIDC)](file://50-enterprise-integrations/sso-saml-oidc/SKILL.md), [SCIM Provisioning](file://50-enterprise-integrations/scim-provisioning/SKILL.md)",,,,,
random,jordinodejs-github-config-github-skills-vercel-env-sync-skill-md,vercel-env-sync,JordiNodeJS/.github-config,jordinodejs-github-config-github-skills-vercel-cli-management-skill-md,vercel-cli-management,same_repo_unique,relative_skill_link,high,/Users/tan/Desktop/RA3/skills_data/sampled_skills_1000/random/jordinodejs-github-config-github-skills-vercel-env-sync-skill-md/content/README.md,157,- [vercel-cli-management](../vercel-cli-management/SKILL.md) - General Vercel CLI usage,,,,,
random,robert-chiniquy-dotfiles-claude-skills-terraform-skill-md,terraform-skill,robert-chiniquy/dotfiles,,skill.md,unresolved,relative_skill_link,high,/Users/tan/Desktop/RA3/skills_data/sampled_skills_1000/random/robert-chiniquy-dotfiles-claude-skills-terraform-skill-md/content/references/module-patterns.md,3,> **Part of:** [terraform-skill](../SKILL.md),,,,,
random,robert-chiniquy-dotfiles-claude-skills-terraform-skill-md,terraform-skill,robert-chiniquy/dotfiles,,skill.md,unresolved,relative_skill_link,high,/Users/tan/Desktop/RA3/skills_data/sampled_skills_1000/random/robert-chiniquy-dotfiles-claude-skills-terraform-skill-md/content/references/code-patterns.md,859,**Back to:** [Main Skill File](../SKILL.md),,,,,
random,robert-chiniquy-dotfiles-claude-skills-terraform-skill-md,terraform-skill,robert-chiniquy/dotfiles,,skill.md,unresolved,relative_skill_link,high,/Users/tan/Desktop/RA3/skills_data/sampled_skills_1000/random/robert-chiniquy-dotfiles-claude-skills-terraform-skill-md/content/references/ci-cd-workflows.md,473,**Back to:** [Main Skill File](../SKILL.md),,,,,
random,amnadtaowsoam-cerebraskills-50-enterprise-integrations-enterprise-rbac-models-skill-md,enterprise-rbac-models,AmnadTaowsoam/CerebraSkills,amnadtaowsoam-cerebraskills-50-enterprise-integrations-scim-provisioning-skill-md,scim-provisioning,same_repo_unique,relative_skill_link,high,/Users/tan/Desktop/RA3/skills_data/sampled_skills_1000/random/amnadtaowsoam-cerebraskills-50-enterprise-integrations-enterprise-rbac-models-skill-md/content/SKILL.md,96,"* **Related Skills**: [SSO (SAML & OIDC)](file://50-enterprise-integrations/sso-saml-oidc/SKILL.md), [SCIM Provisioning](file://50-enterprise-integrations/scim-provisioning/SKILL.md)",,,,,
random,polarcoding85-convex-agent-skillz-claude-skills-convex-components-skill-skill-md,convex-components,PolarCoding85/convex-agent-skillz,,convex-agent-skill,unresolved,relative_skill_link,high,/Users/tan/Desktop/RA3/skills_data/sampled_skills_1000/random/polarcoding85-convex-agent-skillz-claude-skills-convex-components-skill-skill-md/content/SKILL.md,104,- **[Agent](../convex-agent-skill/SKILL.md)** - AI agents with persistent threads (separate skill),,,,,
random,josix-agent-flow-skills-team-decision-skill-md,team-decision,josix/agent-flow,,skill.md,unresolved,relative_skill_link,high,/Users/tan/Desktop/RA3/skills_data/sampled_skills_1000/random/josix-agent-flow-skills-team-decision-skill-md/content/references/file-ownership-rules.md,403,- [SKILL.md](../SKILL.md) - Main team decision documentation,,,,,
popular,langfuse-langfuse-claude-skills-backend-dev-guidelines-skill-md,backend-dev-guidelines,langfuse/langfuse,,skill.md,unresolved,relative_skill_link,high,/Users/tan/Desktop/RA3/skills_data/sampled_skills_1000/popular/langfuse-langfuse-claude-skills-backend-dev-guidelines-skill-md/content/resources/database-patterns.md,658,- [SKILL.md](../SKILL.md) - Main backend development guidelines,,,,,
random,jordinodejs-github-config-github-skills-vercel-env-sync-skill-md,vercel-env-sync,JordiNodeJS/.github-config,jordinodejs-github-config-github-skills-nextjs16-proxy-middleware-skill-md,nextjs16-proxy-middleware,same_repo_unique,relative_skill_link,high,/Users/tan/Desktop/RA3/skills_data/sampled_skills_1000/random/jordinodejs-github-config-github-skills-vercel-env-sync-skill-md/content/SKILL.md,734,- **[nextjs16-proxy-middleware](../nextjs16-proxy-middleware/SKILL.md)** - Middleware using env vars,,,,,
random,simhacker-moollm-skills-postal-skill-md,postal,SimHacker/moollm,,skill.md,unresolved,relative_skill_link,high,/Users/tan/Desktop/RA3/skills_data/sampled_skills_1000/random/simhacker-moollm-skills-postal-skill-md/content/README.md,62,See [SKILL.md](./SKILL.md) for full documentation.,,,,,
popular,davila7-claude-code-templates-cli-tool-components-skills-development-best-practices-skill-md,best-practices,davila7/claude-code-templates,davila7-claude-code-templates-cli-tool-components-skills-development-web-quality-audit-skill-md,web-quality-audit,same_repo_unique,relative_skill_link,high,/Users/tan/Desktop/RA3/skills_data/sampled_skills_1000/popular/davila7-claude-code-templates-cli-tool-components-skills-development-best-practices-skill-md/content/SKILL.md,583,- [Web Quality Audit](../web-quality-audit/SKILL.md),,,,,
random,robert-chiniquy-dotfiles-claude-skills-terraform-skill-md,terraform-skill,robert-chiniquy/dotfiles,,skill.md,unresolved,relative_skill_link,high,/Users/tan/Desktop/RA3/skills_data/sampled_skills_1000/random/robert-chiniquy-dotfiles-claude-skills-terraform-skill-md/content/references/module-patterns.md,1126,**Back to:** [Main Skill File](../SKILL.md),,,,,
